{"orien_w": 0.6115806180149784, "orien_z": -0.7911821204175541, "p_x": 0.9174168056551407, "p_y": 0.6989651107042631}